{"cameraMode":{"drawMode":0,"name":"Shaded","section":"Shading Mode"},"sceneLighting":false,"audioPlay":false,"sceneViewState":{"showFog":false,"showMaterialUpdate":false,"showSkybox":false,"showFlares":true,"showImageEffects":true,"showParticleSystems":true},"in2DMode":false,"pivot":{"x":24.5,"y":-0.4000000059604645,"z":16.299999237060548},"rotation":{"x":-0.007380752358585596,"y":0.9597717523574829,"z":-0.27962443232536318,"w":-0.02505658194422722},"size":116.67262268066406,"orthographic":true}