{"cameraMode":{"drawMode":0,"name":"Shaded","section":"Shading Mode"},"sceneLighting":false,"audioPlay":false,"sceneViewState":{"showFog":false,"showMaterialUpdate":false,"showSkybox":false,"showFlares":true,"showImageEffects":true,"showParticleSystems":true},"in2DMode":false,"pivot":{"x":2.5936367511749269,"y":1.5858129262924195,"z":0.959953784942627},"rotation":{"x":-0.0023149962071329357,"y":0.9767737984657288,"z":-0.010558133944869042,"w":-0.21402013301849366},"size":7.005102634429932,"orthographic":false}